{"frames":{"Coin0.png":{"frame":{"x":0,"y":0,"w":800,"h":800},"rotated":false,"trimmed":false,"spriteSourceSize":{"x":0,"y":0,"w":800,"h":800},"sourceSize":{"w":800,"h":800}},"Coin1.png":{"frame":{"x":800,"y":0,"w":800,"h":800},"rotated":false,"trimmed":false,"spriteSourceSize":{"x":0,"y":0,"w":800,"h":800},"sourceSize":{"w":800,"h":800}},"Coin2.png":{"frame":{"x":1600,"y":0,"w":800,"h":800},"rotated":false,"trimmed":false,"spriteSourceSize":{"x":0,"y":0,"w":800,"h":800},"sourceSize":{"w":800,"h":800}},"Coin3.png":{"frame":{"x":0,"y":800,"w":800,"h":800},"rotated":false,"trimmed":false,"spriteSourceSize":{"x":0,"y":0,"w":800,"h":800},"sourceSize":{"w":800,"h":800}},"Coin4.png":{"frame":{"x":800,"y":800,"w":800,"h":800},"rotated":false,"trimmed":false,"spriteSourceSize":{"x":0,"y":0,"w":800,"h":800},"sourceSize":{"w":800,"h":800}},"Coin5.png":{"frame":{"x":1600,"y":800,"w":800,"h":800},"rotated":false,"trimmed":false,"spriteSourceSize":{"x":0,"y":0,"w":800,"h":800},"sourceSize":{"w":800,"h":800}},"Coin6.png":{"frame":{"x":0,"y":1600,"w":800,"h":800},"rotated":false,"trimmed":false,"spriteSourceSize":{"x":0,"y":0,"w":800,"h":800},"sourceSize":{"w":800,"h":800}}},"meta":{"app":"https://github.com/piskelapp/piskel/","version":"1.0","image":"Coin.png","format":"RGBA8888","size":{"w":2400,"h":2400}}}